<?xml version="1.0" encoding="utf-8"?>
<Window sizebox="4,4,6,6" caption="0,0,0,30" mininfo="800,630" roundcorner="3,3,3,3">
  <Font id="0" name="宋体" size="13" bold="true" />
  <Font id="1" name="宋体" size="12" bold="true" />
  <Font id="2" name="宋体" size="12" />
  <Font id="3" name="宋体" size="14" bold="true" />
  <Font id="4" name="宋体" size="22" bold="true" italic="true"/>
  <Font id="5" name="宋体" size="12" />
  <Default name="VScrollBar" value="button1normalimage=&quot;file='scrollbar.bmp' source='0,90,16,106' mask='#FFFF00FF'&quot; button1hotimage=&quot;file='scrollbar.bmp' source='18,90,34,106' mask='#FFFF00FF'&quot; button1pushedimage=&quot;file='scrollbar.bmp' source='36,90,52,106' mask='#FFFF00FF'&quot; button1disabledimage=&quot;file='scrollbar.bmp' source='54,90,70,106' mask='#FFFF00FF'&quot; button2normalimage=&quot;file='scrollbar.bmp' source='0,108,16,124' mask='#FFFF00FF'&quot; button2hotimage=&quot;file='scrollbar.bmp' source='18,108,34,124' mask='#FFFF00FF'&quot; button2pushedimage=&quot;file='scrollbar.bmp' source='36,108,52,124' mask='#FFFF00FF'&quot; button2disabledimage=&quot;file='scrollbar.bmp' source='54,108,70,124' mask='#FFFF00FF'&quot; thumbnormalimage=&quot;file='scrollbar.bmp' source='0,126,16,142' corner='2,2,2,2' mask='#FFFF00FF'&quot; thumbhotimage=&quot;file='scrollbar.bmp' source='18,126,34,142' corner='2,2,2,2' mask='#FFFF00FF'&quot; thumbpushedimage=&quot;file='scrollbar.bmp' source='36,126,52,142' corner='2,2,2,2' mask='#FFFF00FF'&quot; thumbdisabledimage=&quot;file='scrollbar.bmp' source='54,126,70,142' corner='2,2,2,2' mask='#FFFF00FF'&quot; railnormalimage=&quot;file='scrollbar.bmp' source='0,144,16,160' corner='2,2,2,2' mask='#FFFF00FF'&quot; railhotimage=&quot;file='scrollbar.bmp' source='18,144,34,160' corner='2,2,2,2' mask='#FFFF00FF'&quot; railpushedimage=&quot;file='scrollbar.bmp' source='36,144,52,160' corner='2,2,2,2' mask='#FFFF00FF'&quot; raildisabledimage=&quot;file='scrollbar.bmp' source='54,144,70,160' corner='2,2,2,2' mask='#FFFF00FF'&quot; bknormalimage=&quot;file='scrollbar.bmp' source='0,162,16,178' corner='2,2,2,2' mask='#FFFF00FF'&quot; bkhotimage=&quot;file='scrollbar.bmp' source='18,162,34,178' corner='2,2,2,2' mask='#FFFF00FF'&quot; bkpushedimage=&quot;file='scrollbar.bmp' source='36,162,52,178' corner='2,2,2,2' mask='#FFFF00FF'&quot; bkdisabledimage=&quot;file='scrollbar.bmp' source='54,162,70,178' corner='2,2,2,2' mask='#FFFF00FF'&quot; " />
  <Default name="HScrollBar" value="button1normalimage=&quot;file='scrollbar.bmp' source='0,0,16,16' mask='#FFFF00FF'&quot; button1hotimage=&quot;file='scrollbar.bmp' source='18,0,34,16' mask='#FFFF00FF'&quot; button1pushedimage=&quot;file='scrollbar.bmp' source='36,0,52,16' mask='#FFFF00FF'&quot; button1disabledimage=&quot;file='scrollbar.bmp' source='54,0,70,16' mask='#FFFF00FF'&quot; button2normalimage=&quot;file='scrollbar.bmp' source='0,18,16,34' mask='#FFFF00FF'&quot; button2hotimage=&quot;file='scrollbar.bmp' source='18,18,34,34' mask='#FFFF00FF'&quot; button2pushedimage=&quot;file='scrollbar.bmp' source='36,18,52,34' mask='#FFFF00FF'&quot; button2disabledimage=&quot;file='scrollbar.bmp' source='54,18,70,34' mask='#FFFF00FF'&quot; thumbnormalimage=&quot;file='scrollbar.bmp' source='0,36,16,52' corner='2,2,2,2' mask='#FFFF00FF'&quot; thumbhotimage=&quot;file='scrollbar.bmp' source='18,36,34,52' corner='2,2,2,2' mask='#FFFF00FF'&quot; thumbpushedimage=&quot;file='scrollbar.bmp' source='36,36,52,52' corner='2,2,2,2' mask='#FFFF00FF'&quot; thumbdisabledimage=&quot;file='scrollbar.bmp' source='54,36,70,52' corner='2,2,2,2' mask='#FFFF00FF'&quot; railnormalimage=&quot;file='scrollbar.bmp' source='0,54,16,70' corner='2,2,2,2' mask='#FFFF00FF'&quot; railhotimage=&quot;file='scrollbar.bmp' source='18,54,34,70' corner='2,2,2,2' mask='#FFFF00FF'&quot; railpushedimage=&quot;file='scrollbar.bmp' source='36,54,52,70' corner='2,2,2,2' mask='#FFFF00FF'&quot; raildisabledimage=&quot;file='scrollbar.bmp' source='54,54,70,70' corner='2,2,2,2' mask='#FFFF00FF'&quot; bknormalimage=&quot;file='scrollbar.bmp' source='0,72,16,88' corner='2,2,2,2' mask='#FFFF00FF'&quot; bkhotimage=&quot;file='scrollbar.bmp' source='18,72,34,88' corner='2,2,2,2' mask='#FFFF00FF'&quot; bkpushedimage=&quot;file='scrollbar.bmp' source='36,72,52,88' corner='2,2,2,2' mask='#FFFF00FF'&quot; bkdisabledimage=&quot;file='scrollbar.bmp' source='54,72,70,88' corner='2,2,2,2' mask='#FFFF00FF'&quot; " />
  <VerticalLayout bkcolor="#FFFFFFFF" bordercolor="#FF768D9B" bordersize="1" borderround="5,5" inset="1,0,1,0">
    <HorizontalLayout  name="head" height="24">
      <HorizontalLayout>
        <Container width="22" height="22" bkimage="file='icon.png' source='0,0,16,16' dest='5,4,21,20' " />
        <Text text="科达词霸" pos="22, 5, 200, 24" float="true" textcolor="#FF447AA1" font="0" />
      </HorizontalLayout>
      <HorizontalLayout width="188" inset="0,1,0,0">
        <Button text="{u}{a}求助{/a}{/u}" showhtml="true"/>
        <Button text="{u}{a}论坛{/a}{/u}" showhtml="true"/>
        <Button name="menubtn" maxwidth="26" maxheight="17" normalimage="file='image\sys_dlg_menu.png' source='52,0,78,17'" hotimage="file='image\sys_dlg_menu.png' source='26,0,52,17'" pushedimage="file='image\sys_dlg_menu.png' source='0,0,26,17'"/>
        <Button name="minbtn" maxwidth="26" maxheight="17" normalimage="file='image\sys_dlg_min.png' source='52,0,78,17'" hotimage="file='image\sys_dlg_min.png' source='26,0,52,17'" pushedimage="file='image\sys_dlg_min.png' source='0,0,26,17'"/>
        <Button name="maxbtn" maxwidth="26" maxheight="17" normalimage="file='image\sys_dlg_max.png' source='52,0,78,17'" hotimage="file='image\sys_dlg_max.png' source='26,0,52,18'" pushedimage="file='image\sys_dlg_max.png' source='0,0,26,17'"/>
        <Button name="restorebtn" visible="false" maxwidth="26" maxheight="17" normalimage="file='image\sys_dlg_restore.png' source='52,0,78,17'" hotimage="file='image\sys_dlg_restore.png' source='26,0,52,17'" pushedimage="file='image\sys_dlg_restore.png' source='0,0,26,17'" />
        <Button name="closebtn" maxwidth="45" maxheight="17" normalimage="file='image\sys_dlg_close.png' source='90,0,135,17'" hotimage="file='image\sys_dlg_close.png' source='45,0,90,17'" pushedimage="file='image\sys_dlg_close.png' source='0,0,45,17'"/>
      </HorizontalLayout>
    </HorizontalLayout>
	<HorizontalLayout name="body">
		<VerticalLayout width="140" bkcolor="#FF00FF00" bordersize="1" bordercolor="#FFFF00FF">
			<!--<ComputerExamine />-->
			<Option name="down_dic" 	text="词典" 	width="140" height="30" group="true" align="center" selected="true" normalimage="file='image\TabButton.png' source='0,90,120,120' corner='2,2,2,2'" hotimage="file='image\TabButton.png' source='0,120,120,150' corner='2,2,2,2'" selectedimage="file='image\TabButton.png' source='0,60,120,90' corner='2,2,2,2'"/>
			<Option name="down_trans" 	text="翻译" 	width="140" height="30" group="true" align="center" normalimage="file='image\TabButton.png' source='0,90,120,120' corner='2,2,2,2'" hotimage="file='image\TabButton.png' source='0,120,120,150' corner='2,2,2,2'" selectedimage="file='image\TabButton.png' source='0,60,120,90' corner='2,2,2,2'"/>
			<Option name="down_strager" text="生词本" 	width="140" height="30" group="true" align="center" selected="true" normalimage="file='image\TabButton.png' source='0,90,120,120' corner='2,2,2,2'" hotimage="file='image\TabButton.png' source='0,120,120,150' corner='2,2,2,2'" selectedimage="file='image\TabButton.png' source='0,60,120,90' corner='2,2,2,2'"/>
			<Option name="down_rem" 	text="背单词" 	width="140" height="30" group="true" align="center" normalimage="file='image\TabButton.png' source='0,90,120,120' corner='2,2,2,2'" hotimage="file='image\TabButton.png' source='0,120,120,150' corner='2,2,2,2'" selectedimage="file='image\TabButton.png' source='0,60,120,90' corner='2,2,2,2'"/>
			<Option name="down_read" 	text="悦读" 	width="140" height="30" group="true" align="center" selected="true" normalimage="file='image\TabButton.png' source='0,90,120,120' corner='2,2,2,2'" hotimage="file='image\TabButton.png' source='0,120,120,150' corner='2,2,2,2'" selectedimage="file='image\TabButton.png' source='0,60,120,90' corner='2,2,2,2'"/>
			<Option name="down_listen" 	text="听力" 	width="140" height="30" group="true" align="center" normalimage="file='image\TabButton.png' source='0,90,120,120' corner='2,2,2,2'" hotimage="file='image\TabButton.png' source='0,120,120,150' corner='2,2,2,2'" selectedimage="file='image\TabButton.png' source='0,60,120,90' corner='2,2,2,2'"/>
			<Option name="down_book" 	text="书城" 	width="140" height="30" group="true" align="center" selected="true" normalimage="file='image\TabButton.png' source='0,90,120,120' corner='2,2,2,2'" hotimage="file='image\TabButton.png' source='0,120,120,150' corner='2,2,2,2'" selectedimage="file='image\TabButton.png' source='0,60,120,90' corner='2,2,2,2'"/>
			<Option name="down_class" 	text="精品课" 	width="140" height="30" group="true" align="center" normalimage="file='image\TabButton.png' source='0,90,120,120' corner='2,2,2,2'" hotimage="file='image\TabButton.png' source='0,120,120,150' corner='2,2,2,2'" selectedimage="file='image\TabButton.png' source='0,60,120,90' corner='2,2,2,2'"/>
		</VerticalLayout>
		<TabLayout name="tab_main" text="" tooltip="" float="false" bordersize="1" bkcolor="#FF757676">
			<List virtualwnd="page1" name="down_list_tab" text="" vscrollbar="true" hscrollbar="true" tooltip="" float="false" bordersize="1" bkcolor="#FFE0F0FE" bordercolor="#FF1B4876" itemselectedbkcolor="#FFC1E3FF" itemhotbkcolor="#FFE9F5FF" header="hidden" inset="3,3,3,3" bkimage="file='downlist_bk.png' ytiled='true'">
			</List>
			<HorizontalLayout  virtualwnd="page2" name="" text="" tooltip="" float="false" bkcolor="#006B93B2" childpadding="10" inset="3,5,3,5">
				<Button name="" text="" tooltip="" float="false" bordersize="0" width="32" maxheight="26" bkcolor2="#FF757676" bordercolor="#FF000000" bkimage="downlist_app.png" normalimage="file='downlist_pause.png' dest='20,14,32,26'" />
				<VerticalLayout>
					<Label text="stphone_v1.5b_build110211.exe" textcolor="#FFAAAAAA" showhtml="true"></Label>
					<Progress float="false" foreimage="file='progress_fore.png'" min="0" max="100" value="20" maxheight="7" maxwidth="200"/>
				</VerticalLayout>
				<VerticalLayout width="80">
					<Label align="right" text="" textcolor="#FFAAAAAA" showhtml="true"></Label>
					<Label text="37.4K/4.06M" textcolor="#FFAAAAAA" showhtml="true"></Label>
				</VerticalLayout>
			</HorizontalLayout>
		</TabLayout>
	</HorizontalLayout>
   </VerticalLayout>
</Window>