<?xml version="1.0" encoding="utf-8"?>
<Window sizebox="4,4,6,6" caption="0,0,0,30" mininfo="1024,650" roundcorner="3,3,3,3">
  <Font id="0" name="宋体" size="13" bold="true" />
  <Font id="1" name="宋体" size="12" bold="true" />
  <Font id="2" name="宋体" size="12" />
  <Font id="3" name="宋体" size="14" bold="true" />
  <Font id="4" name="宋体" size="22" bold="true" italic="true"/>
  <Font id="5" name="宋体" size="12" />
  <Default name="VScrollBar" value="button1normalimage=&quot;file='scrollbar.bmp' source='0,90,16,106' mask='#FFFF00FF'&quot; button1hotimage=&quot;file='scrollbar.bmp' source='18,90,34,106' mask='#FFFF00FF'&quot; button1pushedimage=&quot;file='scrollbar.bmp' source='36,90,52,106' mask='#FFFF00FF'&quot; button1disabledimage=&quot;file='scrollbar.bmp' source='54,90,70,106' mask='#FFFF00FF'&quot; button2normalimage=&quot;file='scrollbar.bmp' source='0,108,16,124' mask='#FFFF00FF'&quot; button2hotimage=&quot;file='scrollbar.bmp' source='18,108,34,124' mask='#FFFF00FF'&quot; button2pushedimage=&quot;file='scrollbar.bmp' source='36,108,52,124' mask='#FFFF00FF'&quot; button2disabledimage=&quot;file='scrollbar.bmp' source='54,108,70,124' mask='#FFFF00FF'&quot; thumbnormalimage=&quot;file='scrollbar.bmp' source='0,126,16,142' corner='2,2,2,2' mask='#FFFF00FF'&quot; thumbhotimage=&quot;file='scrollbar.bmp' source='18,126,34,142' corner='2,2,2,2' mask='#FFFF00FF'&quot; thumbpushedimage=&quot;file='scrollbar.bmp' source='36,126,52,142' corner='2,2,2,2' mask='#FFFF00FF'&quot; thumbdisabledimage=&quot;file='scrollbar.bmp' source='54,126,70,142' corner='2,2,2,2' mask='#FFFF00FF'&quot; railnormalimage=&quot;file='scrollbar.bmp' source='0,144,16,160' corner='2,2,2,2' mask='#FFFF00FF'&quot; railhotimage=&quot;file='scrollbar.bmp' source='18,144,34,160' corner='2,2,2,2' mask='#FFFF00FF'&quot; railpushedimage=&quot;file='scrollbar.bmp' source='36,144,52,160' corner='2,2,2,2' mask='#FFFF00FF'&quot; raildisabledimage=&quot;file='scrollbar.bmp' source='54,144,70,160' corner='2,2,2,2' mask='#FFFF00FF'&quot; bknormalimage=&quot;file='scrollbar.bmp' source='0,162,16,178' corner='2,2,2,2' mask='#FFFF00FF'&quot; bkhotimage=&quot;file='scrollbar.bmp' source='18,162,34,178' corner='2,2,2,2' mask='#FFFF00FF'&quot; bkpushedimage=&quot;file='scrollbar.bmp' source='36,162,52,178' corner='2,2,2,2' mask='#FFFF00FF'&quot; bkdisabledimage=&quot;file='scrollbar.bmp' source='54,162,70,178' corner='2,2,2,2' mask='#FFFF00FF'&quot; " />
  <Default name="HScrollBar" value="button1normalimage=&quot;file='scrollbar.bmp' source='0,0,16,16' mask='#FFFF00FF'&quot; button1hotimage=&quot;file='scrollbar.bmp' source='18,0,34,16' mask='#FFFF00FF'&quot; button1pushedimage=&quot;file='scrollbar.bmp' source='36,0,52,16' mask='#FFFF00FF'&quot; button1disabledimage=&quot;file='scrollbar.bmp' source='54,0,70,16' mask='#FFFF00FF'&quot; button2normalimage=&quot;file='scrollbar.bmp' source='0,18,16,34' mask='#FFFF00FF'&quot; button2hotimage=&quot;file='scrollbar.bmp' source='18,18,34,34' mask='#FFFF00FF'&quot; button2pushedimage=&quot;file='scrollbar.bmp' source='36,18,52,34' mask='#FFFF00FF'&quot; button2disabledimage=&quot;file='scrollbar.bmp' source='54,18,70,34' mask='#FFFF00FF'&quot; thumbnormalimage=&quot;file='scrollbar.bmp' source='0,36,16,52' corner='2,2,2,2' mask='#FFFF00FF'&quot; thumbhotimage=&quot;file='scrollbar.bmp' source='18,36,34,52' corner='2,2,2,2' mask='#FFFF00FF'&quot; thumbpushedimage=&quot;file='scrollbar.bmp' source='36,36,52,52' corner='2,2,2,2' mask='#FFFF00FF'&quot; thumbdisabledimage=&quot;file='scrollbar.bmp' source='54,36,70,52' corner='2,2,2,2' mask='#FFFF00FF'&quot; railnormalimage=&quot;file='scrollbar.bmp' source='0,54,16,70' corner='2,2,2,2' mask='#FFFF00FF'&quot; railhotimage=&quot;file='scrollbar.bmp' source='18,54,34,70' corner='2,2,2,2' mask='#FFFF00FF'&quot; railpushedimage=&quot;file='scrollbar.bmp' source='36,54,52,70' corner='2,2,2,2' mask='#FFFF00FF'&quot; raildisabledimage=&quot;file='scrollbar.bmp' source='54,54,70,70' corner='2,2,2,2' mask='#FFFF00FF'&quot; bknormalimage=&quot;file='scrollbar.bmp' source='0,72,16,88' corner='2,2,2,2' mask='#FFFF00FF'&quot; bkhotimage=&quot;file='scrollbar.bmp' source='18,72,34,88' corner='2,2,2,2' mask='#FFFF00FF'&quot; bkpushedimage=&quot;file='scrollbar.bmp' source='36,72,52,88' corner='2,2,2,2' mask='#FFFF00FF'&quot; bkdisabledimage=&quot;file='scrollbar.bmp' source='54,72,70,88' corner='2,2,2,2' mask='#FFFF00FF'&quot; " />
  <HorizontalLayout bordercolor="#FF768D9B" bordersize="2" borderround="5,5" inset="1,0,1,0">
	<VerticalLayout name="leftlayout" width="50" bkcolor="#FFFFFFFF" >
        <Button name="profilephoto" text="" width="50" height="50" bkimage="file='image\icon.png' source='0,0,16,16' dest='5,4,21,20' " />
		<Option name="chats" 		text="chats"  		width="50" height="50" />
		<Option name="contacts" 	text="contacts" 	width="50" height="50" />
		<Option name="favorites" 	text="favorites" 	width="50" height="50" />
    </VerticalLayout>
	<VerticalLayout width="220" bkcolor="#FFFFFFFF" >
		<!--<ComputerExamine />-->
		<HorizontalLayout width="220" height="60" >
			<Edit name="search" width="160" height="60" bordersize="2" bordercolor="#FFFF0000" />
			<Button name="add" width="60" bordersize="2" bordercolor="#FF0000FF" />
		</HorizontalLayout>
		<List name="chatlist" text="" vscrollbar="true" hscrollbar="true" tooltip="" float="false" bordersize="1" bkcolor="#FF00F0FE" bordercolor="#FF1B4876" itemselectedbkcolor="#FFC1E3FF" itemhotbkcolor="#FFE9F5FF" header="hidden" inset="3,3,3,3" bkimage="file='downlist_bk.png' ytiled='true'">
		</List>
	</VerticalLayout>
    <VerticalLayout  name="detail" bkcolor="#FFFFFFFF" >
		<HorizontalLayout height="50" inset="0,1,0,0" bordersize="1" bordercolor="#FFFF0000" >
			<!--
			<Button text="{u}{a}求助{/a}{/u}" showhtml="true"/>
			<Button text="{u}{a}论坛{/a}{/u}" showhtml="true"/>
			-->
			<Control />
			<HorizontalLayout width="122" >
				<Button name="menubtn" maxwidth="26" maxheight="17" normalimage="file='image\sys_dlg_menu.png' source='52,0,78,17'" hotimage="file='image\sys_dlg_menu.png' source='26,0,52,17'" pushedimage="file='image\sys_dlg_menu.png' source='0,0,26,17'"/>
				<Button name="minbtn" maxwidth="26" maxheight="17" normalimage="file='image\sys_dlg_min.png' source='52,0,78,17'" hotimage="file='image\sys_dlg_min.png' source='26,0,52,17'" pushedimage="file='image\sys_dlg_min.png' source='0,0,26,17'"/>
				<Button name="maxbtn" maxwidth="26" maxheight="17" normalimage="file='image\sys_dlg_max.png' source='52,0,78,17'" hotimage="file='image\sys_dlg_max.png' source='26,0,52,18'" pushedimage="file='image\sys_dlg_max.png' source='0,0,26,17'"/>
				<Button name="restorebtn" visible="false" maxwidth="26" maxheight="17" normalimage="file='image\sys_dlg_restore.png' source='52,0,78,17'" hotimage="file='image\sys_dlg_restore.png' source='26,0,52,17'" pushedimage="file='image\sys_dlg_restore.png' source='0,0,26,17'" />
				<Button name="closebtn" maxwidth="45" maxheight="17" normalimage="file='image\sys_dlg_close.png' source='90,0,135,17'" hotimage="file='image\sys_dlg_close.png' source='45,0,90,17'" pushedimage="file='image\sys_dlg_close.png' source='0,0,45,17'"/>
			</HorizontalLayout>
		</HorizontalLayout>
		<HorizontalLayout visible="true" name="body">
			<TabLayout name="tab_main" text="" tooltip="" float="false" bordersize="1" bordercolor="#FF07676">
				<!-- Page 1-->
				<List virtualwnd="page1" name="down_list_tab" text="" vscrollbar="true" hscrollbar="true" tooltip="" float="false" bordersize="1" bkcolor="#FFE0F0FE" bordercolor="#FF1B4876" itemselectedbkcolor="#FFC1E3FF" itemhotbkcolor="#FFE9F5FF" header="hidden" inset="3,3,3,3" bkimage="file='downlist_bk.png' ytiled='true'">
				</List>
				<!-- Page 2-->
				<HorizontalLayout  virtualwnd="page2" name="" text="" tooltip="" float="false" bkcolor="#006B93B2" childpadding="10" inset="3,5,3,5">
					<Button name="" text="" tooltip="" float="false" bordersize="0" width="32" maxheight="26" bkcolor2="#FF757676" bordercolor="#FF000000" bkimage="downlist_app.png" normalimage="file='downlist_pause.png' dest='20,14,32,26'" />
					<VerticalLayout>
						<Label text="stphone_v1.5b_build110211.exe" textcolor="#FFAAAAAA" showhtml="true"></Label>
						<Progress float="false" foreimage="file='progress_fore.png'" min="0" max="100" value="20" maxheight="7" maxwidth="200"/>
					</VerticalLayout>
					<VerticalLayout width="80">
						<Label align="right" text="" textcolor="#FFAAAAAA" showhtml="true"></Label>
						<Label text="37.4K/4.06M" textcolor="#FFAAAAAA" showhtml="true"></Label>
					</VerticalLayout>
				</HorizontalLayout>
				<!-- Page 3-->
				<ComputerExamine />
				<!-- Page 4.....-->
			</TabLayout>
		</HorizontalLayout>
    </VerticalLayout>
   </HorizontalLayout>
</Window>